student_id,student_name,created_at
STU00001,Kevin Pham,2025-01-27T09:02:24+00:00
STU00002,Binh Taylor,2025-09-28T14:54:21+00:00
STU00003,Phuong Vo,2025-02-21T12:16:42+00:00
STU00004,Minh Hoang,2024-02-09T00:56:30+00:00
STU00005,Sophia Pham,2023-11-02T19:38:37+00:00
STU00006,Noah Taylor,2025-09-30T06:27:39+00:00
STU00007,Emma Le,2024-03-22T15:54:34+00:00
STU00008,Hannah Duong,2024-02-10T03:41:45+00:00
STU00009,Chi Nguyen,2026-01-31T12:48:06+00:00
STU00010,Hai Vu,2024-09-14T11:18:25+00:00
STU00011,Minh Mai,2025-12-13T05:05:12+00:00
STU00012,Ivy Nguyen,2024-12-04T07:43:35+00:00
STU00013,Felix Vu,2024-05-12T02:40:37+00:00
STU00014,Peter Smith,2025-04-13T12:19:50+00:00
STU00015,Olivia Dinh,2024-02-03T05:03:51+00:00
STU00016,Van Vo,2024-11-01T19:55:17+00:00
STU00017,Yen Lam,2025-05-15T09:18:24+00:00
STU00018,Phuong Martin,2025-01-04T01:26:18+00:00
STU00019,An Anderson,2024-06-20T09:33:59+00:00
STU00020,Khanh Brown,2025-08-30T01:02:35+00:00
STU00021,Vy Do,2026-02-09T04:58:18+00:00
STU00022,Phuong Hoang,2025-01-31T06:59:41+00:00
STU00023,Mai Anderson,2026-01-18T00:40:36+00:00
STU00024,Thanh Pham,2023-10-31T12:00:17+00:00
STU00025,Hai Ngo,2026-02-26T21:24:36+00:00
STU00026,Hanh Ho,2025-01-26T09:59:13+00:00
STU00027,Thao Chau,2024-03-28T06:19:22+00:00
STU00028,Ngoc Martin,2024-05-14T23:04:26+00:00
STU00029,Chi Taylor,2024-12-03T04:20:33+00:00
STU00030,Long Dinh,2024-04-15T15:49:51+00:00
STU00031,Hieu Walker,2024-04-02T14:55:43+00:00
STU00032,Trung Le,2026-02-24T18:00:38+00:00
STU00033,Felix Bui,2024-06-16T19:51:23+00:00
STU00034,Kevin Chau,2024-12-15T10:12:56+00:00
STU00035,Trang Lam,2024-12-30T00:58:24+00:00
STU00036,Linh Brown,2024-09-10T13:10:51+00:00
STU00037,Giang Tran,2025-04-03T23:50:31+00:00
STU00038,Mia Vo,2024-08-30T14:59:46+00:00
STU00039,Zoe Bui,2024-12-02T10:22:17+00:00
STU00040,Hai Young,2025-12-12T11:21:13+00:00
STU00041,Minh Young,2025-11-16T06:07:33+00:00
STU00042,Hanh Ngo,2024-11-12T10:49:01+00:00
STU00043,Phuong Ly,2024-01-06T06:15:30+00:00
STU00044,Kevin Clark,2024-03-10T17:28:28+00:00
STU00045,Trang Phan,2025-08-07T08:23:15+00:00
STU00046,Trang Ho,2024-12-22T03:43:29+00:00
STU00047,Mai Johnson,2023-12-26T20:00:43+00:00
STU00048,Phuong Brown,2023-10-24T20:31:52+00:00
STU00049,Noah Smith,2025-03-20T12:13:38+00:00
STU00050,Giang Chau,2024-05-09T13:38:55+00:00
STU00051,Kevin Phan,2024-11-29T06:44:18+00:00
STU00052,Emma Taylor,2024-06-26T08:33:03+00:00
STU00053,Nam Phan,2025-09-04T17:09:36+00:00
STU00054,Long Ngo,2026-02-22T08:28:30+00:00
STU00055,Phuong Walker,2025-08-13T17:39:44+00:00
STU00056,Kevin Brown,2023-11-03T08:51:03+00:00
STU00057,Felix Vo,2024-04-10T03:17:56+00:00
STU00058,Noah Do,2024-02-13T05:37:57+00:00
STU00059,Zoe Anderson,2024-06-06T21:29:05+00:00
STU00060,Dung Vo,2026-02-12T21:25:07+00:00
STU00061,Chi Martin,2023-12-14T07:33:52+00:00
STU00062,Tam Ngo,2025-05-14T21:42:28+00:00
STU00063,Phuong Le,2026-02-23T15:58:01+00:00
STU00064,Mai Walker,2024-06-05T09:40:29+00:00
STU00065,Grace Lee,2025-08-16T23:56:54+00:00
STU00066,Peter Do,2024-05-04T07:51:06+00:00
STU00067,Mai Smith,2023-12-23T07:49:52+00:00
STU00068,Brian Ngo,2025-02-09T05:02:33+00:00
STU00069,Luna Ly,2025-05-07T19:31:55+00:00
STU00070,Huong Dang,2023-12-20T07:43:37+00:00
STU00071,Hoang Vo,2025-04-27T04:26:00+00:00
STU00072,Sophia Dinh,2024-09-09T16:33:33+00:00
STU00073,Emma Dang,2024-11-09T23:28:52+00:00
STU00074,Sophia Lam,2024-03-27T00:45:44+00:00
STU00075,Vy Lee,2025-04-20T18:26:00+00:00
STU00076,Hannah Ngo,2026-03-07T02:18:31+00:00
STU00077,Trang Vo,2025-07-11T15:11:07+00:00
STU00078,Hoang Mai,2024-06-15T10:30:15+00:00
STU00079,Brian Le,2024-10-21T02:32:44+00:00
STU00080,Thomas Tran,2024-06-27T18:50:35+00:00
STU00081,Hieu Hoang,2024-07-20T09:19:44+00:00
STU00082,Noah Duong,2025-07-20T19:47:17+00:00
STU00083,Ivy Le,2023-11-26T20:26:27+00:00
STU00084,Trung Ngo,2024-07-23T23:23:18+00:00
STU00085,Ivy Ly,2025-03-18T09:06:36+00:00
STU00086,Daniel Dang,2025-07-19T22:07:03+00:00
STU00087,Felix Young,2024-11-07T20:41:01+00:00
STU00088,An Johnson,2024-12-06T19:34:34+00:00
STU00089,Ryan Pham,2024-06-22T15:39:50+00:00
STU00090,Noah Lee,2024-04-04T06:26:07+00:00
STU00091,Emma Anderson,2025-06-04T14:31:38+00:00
STU00092,Phuong Anderson,2023-12-18T12:05:46+00:00
STU00093,Luna Do,2025-10-19T12:56:03+00:00
STU00094,Hieu Bui,2024-09-28T21:16:06+00:00
STU00095,Vy Phan,2024-08-24T08:57:09+00:00
STU00096,Long Nguyen,2025-10-03T09:41:12+00:00
STU00097,Ryan Lee,2025-04-14T12:32:57+00:00
STU00098,Ryan Dang,2025-02-04T10:40:42+00:00
STU00099,Clara Anderson,2024-10-06T21:42:47+00:00
STU00100,Lan Mai,2024-09-29T15:31:50+00:00
STU00101,Hanh Young,2023-11-25T02:36:44+00:00
STU00102,Kevin Bui,2024-08-14T08:44:19+00:00
STU00103,Kevin Mai,2025-06-29T08:13:36+00:00
STU00104,Ivy Vu,2025-03-12T06:49:51+00:00
STU00105,Huong Ho,2024-12-25T03:24:47+00:00
STU00106,Thomas Phan,2024-02-04T04:31:53+00:00
STU00107,Daniel Walker,2024-12-25T22:52:20+00:00
STU00108,An Chau,2025-04-16T20:00:53+00:00
STU00109,Tam Truong,2025-12-18T16:21:30+00:00
STU00110,Binh Pham,2025-07-01T05:25:42+00:00
STU00111,Trang Lee,2026-01-29T07:54:35+00:00
STU00112,Son Vo,2025-03-16T18:30:00+00:00
STU00113,Grace Le,2023-12-01T05:21:39+00:00
STU00114,Hai Taylor,2024-04-15T12:35:25+00:00
STU00115,Brian Clark,2024-11-28T03:08:48+00:00
STU00116,Giang Anderson,2024-07-22T17:49:44+00:00
STU00117,Hoang Hoang,2024-12-04T17:38:30+00:00
STU00118,Mia Truong,2023-12-17T18:40:12+00:00
STU00119,Felix Phan,2024-04-04T17:52:41+00:00
STU00120,Ngoc Mai,2025-08-24T10:02:58+00:00
STU00121,Ivy Duong,2025-04-08T08:29:16+00:00
STU00122,Ryan Brown,2025-02-17T15:04:34+00:00
STU00123,Son Ngo,2025-08-27T06:16:53+00:00
STU00124,Mia Smith,2025-12-21T19:34:19+00:00
STU00125,Trang Ly,2024-04-15T23:55:32+00:00
STU00126,Daniel Ly,2025-06-08T17:27:53+00:00
STU00127,Hieu Vo,2024-08-09T14:59:19+00:00
STU00128,Minh Le,2024-11-18T01:04:54+00:00
STU00129,Thanh Nguyen,2023-12-27T07:11:17+00:00
STU00130,Hannah Dinh,2025-08-26T17:44:27+00:00
STU00131,Minh Lam,2023-10-21T23:23:37+00:00
STU00132,Minh Nguyen,2026-01-04T00:22:25+00:00
STU00133,Giang Brown,2026-02-01T19:17:01+00:00
STU00134,Kevin Tran,2024-08-20T10:20:25+00:00
STU00135,Chi Young,2025-05-07T03:29:56+00:00
STU00136,Thanh Le,2025-08-19T08:16:15+00:00
STU00137,Clara Vo,2024-02-05T01:09:03+00:00
STU00138,Phuong Johnson,2025-03-15T07:05:16+00:00
STU00139,Brian Vu,2025-02-17T23:57:42+00:00
STU00140,Emma Hoang,2024-04-29T22:42:24+00:00
STU00141,Ryan Walker,2025-01-27T21:09:50+00:00
STU00142,Grace Lam,2025-12-15T03:14:08+00:00
STU00143,Alice Vo,2025-02-10T19:18:22+00:00
STU00144,Alice Martin,2025-07-14T18:19:46+00:00
STU00145,Van Vu,2025-03-09T01:19:06+00:00
STU00146,Hanh Pham,2025-07-05T10:54:43+00:00
STU00147,Mia Duong,2025-01-20T15:09:47+00:00
STU00148,Thao Duong,2026-02-26T14:20:01+00:00
STU00149,Van Ly,2024-05-04T01:58:17+00:00
STU00150,Ryan Tran,2024-08-12T08:39:19+00:00
STU00151,Luna Pham,2025-08-02T11:42:49+00:00
STU00152,Dung Ngo,2025-05-30T07:53:55+00:00
STU00153,Ryan Do,2024-07-15T16:32:52+00:00
STU00154,Hanh Vo,2025-01-28T20:33:46+00:00
STU00155,Linh Vu,2025-07-11T03:55:04+00:00
STU00156,Emma Ly,2026-02-16T12:55:05+00:00
STU00157,Hoang Duong,2023-10-19T23:28:22+00:00
STU00158,Lan Dang,2025-02-02T09:37:03+00:00
STU00159,Long Vo,2025-01-07T01:15:25+00:00
STU00160,Giang Ly,2024-09-09T20:31:00+00:00
STU00161,Felix Pham,2025-08-17T03:43:48+00:00
STU00162,Dung Smith,2025-03-02T22:39:37+00:00
STU00163,Emma Clark,2025-10-10T16:21:16+00:00
STU00164,An Le,2025-09-04T15:18:53+00:00
STU00165,Thomas Young,2025-09-05T05:15:01+00:00
STU00166,Van Truong,2024-09-15T07:42:14+00:00
STU00167,Alice Vu,2025-12-21T10:17:10+00:00
STU00168,Tuan Lee,2025-10-23T09:59:52+00:00
STU00169,Dung Phan,2024-07-08T22:53:31+00:00
STU00170,Trung Nguyen,2024-02-28T01:44:42+00:00
STU00171,Trung Dang,2025-01-02T04:39:44+00:00
STU00172,Long Bui,2025-12-28T01:46:55+00:00
STU00173,Vy Brown,2025-03-23T01:03:44+00:00
STU00174,Ryan Martin,2024-03-12T10:03:55+00:00
STU00175,Felix Johnson,2024-10-18T04:52:27+00:00
STU00176,Peter Truong,2025-02-12T13:36:53+00:00
STU00177,Huong Vu,2024-10-02T07:32:57+00:00
STU00178,Quang Vu,2024-08-23T16:26:25+00:00
STU00179,Dung Lam,2024-06-04T06:05:32+00:00
STU00180,Dung Taylor,2023-11-26T06:58:58+00:00
STU00181,Tam Tran,2023-12-30T03:18:38+00:00
STU00182,Alice Mai,2024-11-02T16:43:47+00:00
STU00183,Daniel Phan,2025-10-26T10:42:18+00:00
STU00184,Dung Mai,2024-02-09T11:34:17+00:00
STU00185,Lan Le,2025-09-25T19:29:01+00:00
STU00186,Noah Young,2025-07-24T03:49:08+00:00
STU00187,Nam Ngo,2024-08-16T09:24:33+00:00
STU00188,Hieu Lee,2025-06-06T20:05:35+00:00
STU00189,Grace Vo,2025-11-25T08:03:18+00:00
STU00190,Hannah Chau,2025-07-01T04:28:37+00:00
STU00191,Chi Chau,2024-11-01T08:44:15+00:00
STU00192,Hai Duong,2024-06-04T14:11:48+00:00
STU00193,Mia Lam,2023-10-27T23:03:50+00:00
STU00194,Grace Mai,2024-04-01T22:12:02+00:00
STU00195,Tam Walker,2025-08-09T18:56:14+00:00
STU00196,Ngoc Vu,2024-09-23T07:19:38+00:00
STU00197,Mia Brown,2024-07-18T13:52:08+00:00
STU00198,Tam Vo,2025-12-31T23:12:10+00:00
STU00199,Ngoc Ngo,2025-10-10T00:00:48+00:00
STU00200,Hoang Johnson,2024-01-05T08:36:55+00:00
